DATE,"Precipitation
(inches)","Snow Depth
(inches)","Snowfall
(inches)"
20130101,0.0,44,0.0
20130102,0.01,42,0.0
20130103,0.0,42,0.0
20130104,0.16,41,0.0
20130105,0.0,41,0.0
20130106,0.31,40,0.0
20130107,0.74,40,1.0
20130108,0.89,40,0.1
20130109,0.22,38,0.0
20130110,0.6,42,6.0
20130111,0.18,43,2.0
20130112,0.0,43,0.0
20130113,0.0,43,0.0
20130114,0.0,42,0.0
20130115,0.01,42,0.0
20130116,0.0,41,0.0
20130117,0.0,40,0.0
20130118,0.0,31,0.0
20130119,0.0,31,0.0
20130120,0.0,28,0.0
20130121,0.0,28,0.0
20130122,0.0,24,0.0
20130123,0.0,23,0.0
20130124,0.21,23,0.1
20130125,0.24,23,0.0
20130126,0.62,21,0.1
20130127,0.75,27,3.0
20130128,1.04,35,10.0
20130129,3.15,60,27.0
20130130,0.81,64,5.0
20130131,0.8,60,1.0
20130201,0.09,58,0.0
20130202,0.0,54,0.0
20130203,0.0,48,0.0
20130204,0.0,43,0.0
20130205,0.0,42,0.0
20130206,0.47,44,3.0
20130207,0.22,45,1.0
20130208,0.0,45,0.0
20130209,0.0,45,0.0
20130210,0.19,45,0.2
20130211,0.0,41,0.0
20130212,0.13,41,0.0
20130213,0.63,38,0.0
20130214,0.0,37,0.0
20130215,0.0,36,0.0
20130216,0.0,35,0.0
20130217,0.35,38,3.0
20130218,0.0,38,0.0
20130219,0.0,38,0.0
20130220,0.0,37,0.0
20130221,0.5,40,5.0
20130222,0.5,46,5.0
20130223,2.05,62,19.0
20130224,0.42,65,3.0
20130225,0.4,64,3.0
20130226,0.97,72,10.0
20130227,0.0,71,0.0
20130228,0.3,71,0.0
20130301,1.0,67,0.0
20130302,0.0,64,0.0
20130303,0.41,56,0.0
20130304,0.0,49,0.0
20130305,0.0,49,0.0
20130306,0.22,49,0.1
20130307,0.59,56,0.0
20130308,0.0,53,0.0
20130309,0.0,52,0.0
20130310,0.0,48,0.0
20130311,0.33,48,0.0
20130312,0.4,46,0.0
20130313,0.01,43,0.0
20130314,0.0,41,0.0
20130315,0.17,38,0.0
20130316,0.2,37,0.0
20130317,0.25,44,7.0
20130318,0.2,46,3.0
20130319,0.0,43,0.0
20130320,0.53,41,0.0
20130321,0.98,45,6.0
20130322,1.18,54,12.0
20130323,0.0,54,0.0
20130324,0.0,54,0.0
20130325,0.0,50,0.0
20130326,0.0,46,0.0
20130327,0.0,42,0.0
20130328,0.11,36,0.0
20130329,0.04,35,0.0
20130330,1.0,34,0.0
20130331,2.0,31,0.0
20130401,0.01,23,0.0
20130402,0.03,22,0.0
20130403,0.0,15,0.0
20130404,0.12,11,0.0
20130405,0.6,7,0.0
20130406,0.88,7,0.1
20130407,0.63,7,2.0
20130408,1.49,16,9.0
20130409,0.19,16,1.0
20130410,0.0,16,0.0
20130411,0.0,12,0.0
20130412,0.0,10,0.0
20130413,0.0,6,0.0
20130414,0.29,10,4.0
20130415,0.19,10,1.0
20130416,0.22,9,1.0
20130417,0.0,10,0.0
20130418,0.0,9,0.0
20130419,0.17,9,0.1
20130420,2.24,2,0.0
20130421,0.0,1,0.0
20130422,0.0,0,0.0
20130423,0.0,0,0.0
20130424,0.0,0,0.0
20130425,0.0,0,0.0
20130426,0.0,0,0.0
20130427,0.0,0,0.0
20130428,0.2,0,0.0
20130429,0.79,0,0.0
20130430,0.02,0,0.1
20130501,0.0,0,0.0
20130502,0.0,0,0.0
20130503,0.0,0,0.0
20130504,0.0,0,0.0
20130505,0.0,0,0.0
20130506,0.0,0,0.0
20130507,0.0,0,0.0
20130508,0.0,0,0.0
20130509,0.0,0,0.0
20130510,0.0,0,0.0
20130511,0.0,0,0.0
20130512,0.0,0,0.0
20130513,0.04,0,0.0
20130514,0.16,0,0.0
20130515,0.0,0,0.0
20130516,0.16,0,0.0
20130517,0.0,0,0.0
20130518,0.0,0,0.0
20130519,0.0,0,0.0
20130520,1.14,0,0.0
20130521,0.06,0,0.0
20130522,0.78,2,2.0
20130523,0.72,4,2.0
20130524,0.37,1,0.0
20130525,0.0,0,0.0
20130526,0.0,0,0.0
20130527,0.0,0,0.0
20130528,1.49,0,0.0
20130529,0.59,0,0.0
20130530,1.19,0,0.0
20130531,0.12,0,0.0
20130601,0.0,0,0.0
20130602,0.0,0,0.0
20130603,0.0,0,0.0
20130604,0.0,0,0.0
20130605,0.0,0,0.0
20130606,0.0,0,0.0
20130607,0.0,0,0.0
20130608,0.0,0,0.0
20130609,0.0,0,0.0
20130610,0.0,0,0.0
20130611,0.0,0,0.0
20130612,0.06,0,0.0
20130613,0.06,0,0.0
20130614,0.0,0,0.0
20130615,0.0,0,0.0
20130616,0.0,0,0.0
20130617,0.0,0,0.0
20130618,0.0,0,0.0
20130619,0.1,0,0.0
20130620,0.42,0,0.0
20130621,0.29,0,0.0
20130622,0.0,0,0.0
20130623,0.0,0,0.0
20130624,0.44,0,0.0
20130625,0.13,0,0.0
20130626,0.28,0,0.0
20130627,0.13,0,0.0
20130628,0.0,0,0.0
20130629,0.0,0,0.0
20130630,0.0,0,0.0
20130701,0.01,0,0.0
20130702,0.0,0,0.0
20130703,0.0,0,0.0
20130704,0.0,0,0.0
20130705,0.0,0,0.0
20130706,0.0,0,0.0
20130707,0.0,0,0.0
20130708,0.0,0,0.0
20130709,0.0,0,0.0
20130710,0.0,0,0.0
20130711,0.0,0,0.0
20130712,0.0,0,0.0
20130713,0.0,0,0.0
20130714,0.0,0,0.0
20130715,0.0,0,0.0
20130716,0.0,0,0.0
20130717,0.0,0,0.0
20130718,0.0,0,0.0
20130719,0.0,0,0.0
20130720,0.0,0,0.0
20130721,0.0,0,0.0
20130722,0.0,0,0.0
20130723,0.0,0,0.0
20130724,0.0,0,0.0
20130725,0.0,0,0.0
20130726,0.0,0,0.0
20130727,0.0,0,0.0
20130728,0.0,0,0.0
20130729,0.0,0,0.0
20130730,0.0,0,0.0
20130731,0.0,0,0.0
20130801,0.0,0,0.0
20130802,0.04,0,0.0
20130803,0.0,0,0.0
20130804,0.0,0,0.0
20130805,0.0,0,0.0
20130806,0.0,0,0.0
20130807,0.0,0,0.0
20130808,0.0,0,0.0
20130809,0.0,0,0.0
20130810,1.95,0,0.0
20130811,0.0,0,0.0
20130812,0.0,0,0.0
20130813,0.0,0,0.0
20130814,0.0,0,0.0
20130815,0.0,0,0.0
20130816,0.0,0,0.0
20130817,0.0,0,0.0
20130818,0.0,0,0.0
20130819,0.0,0,0.0
20130820,0.0,0,0.0
20130821,0.0,0,0.0
20130822,0.0,0,0.0
20130823,0.47,0,0.0
20130824,0.0,0,0.0
20130825,0.0,0,0.0
20130826,0.4,0,0.0
20130827,0.0,0,0.0
20130828,0.0,0,0.0
20130829,0.0,0,0.0
20130830,0.0,0,0.0
20130831,0.0,0,0.0
20130901,0.0,0,0.0
20130902,0.0,0,0.0
20130903,0.0,0,0.0
20130904,0.0,0,0.0
20130905,0.0,0,0.0
20130906,1.19,0,0.0
20130907,0.0,0,0.0
20130908,0.0,0,0.0
20130909,0.0,0,0.0
20130910,0.0,0,0.0
20130911,0.0,0,0.0
20130912,0.0,0,0.0
20130913,0.0,0,0.0
20130914,0.0,0,0.0
20130915,0.0,0,0.0
20130916,0.13,0,0.0
20130917,0.0,0,0.0
20130918,0.37,0,0.0
20130919,0.0,0,0.0
20130920,0.1,0,0.0
20130921,0.0,0,0.0
20130922,0.0,0,0.0
20130923,0.0,0,0.0
20130924,0.57,0,0.0
20130925,0.4,0,0.0
20130926,0.2,0,0.0
20130927,0.0,0,0.0
20130928,1.85,0,0.0
20130929,1.65,0,0.0
20130930,2.22,0,0.0
20131001,0.82,0,0.0
20131002,0.65,0,0.0
20131003,0.28,0,0.0
20131004,0.0,0,0.0
20131005,0.0,0,0.0
20131006,0.0,0,0.0
20131007,0.0,0,0.0
20131008,0.0,0,0.0
20131009,1.3,0,0.0
20131010,0.0,0,0.0
20131011,0.0,0,0.0
20131012,0.0,0,0.0
20131013,0.0,0,0.0
20131014,0.0,0,0.0
20131015,0.0,0,0.0
20131016,0.0,0,0.0
20131017,0.0,0,0.0
20131018,0.0,0,0.0
20131019,0.0,0,0.0
20131020,0.0,0,0.0
20131021,0.0,0,0.0
20131022,0.0,0,0.0
20131023,0.0,0,0.0
20131024,0.0,0,0.0
20131025,0.0,0,0.0
20131026,0.0,0,0.0
20131027,0.0,0,0.0
20131028,0.56,0,0.0
20131029,0.0,0,0.0
20131030,0.0,0,0.0
20131031,0.07,0,0.0
20131101,0.2,0,0.0
20131102,0.0,0,0.0
20131103,0.0,0,0.0
20131104,2.47,10,3.0
20131105,0.62,5,0.0
20131106,0.66,4,0.0
20131107,0.5,3,0.0
20131108,0.81,2,0.5
20131109,0.36,1,0.0
20131110,0.0,0,0.0
20131111,0.0,0,0.0
20131112,0.0,0,0.0
20131113,0.0,0,0.0
20131114,0.0,0,0.0
20131115,0.42,2,2.0
20131116,1.21,6,4.0
20131117,0.52,6,1.0
20131118,0.09,6,0.0
20131119,1.2,3,0.0
20131120,0.87,2,0.0
20131121,0.0,2,0.0
20131122,0.0,2,0.0
20131123,0.0,0,0.0
20131124,0.0,0,0.0
20131125,0.0,0,0.0
20131126,0.0,0,0.0
20131127,0.0,0,0.0
20131128,0.0,0,0.0
20131129,0.0,0,0.0
20131130,0.2,0,0.0
20131201,1.19,0,0.0
20131202,3.98,1,1.0
20131203,0.6,5,4.0
20131204,0.0,5,0.0
20131205,0.0,5,0.0
20131206,0.0,5,0.0
20131207,0.0,5,0.0
20131208,0.0,5,0.0
20131209,0.0,5,0.0
20131210,0.15,5,0.2
20131211,0.0,5,0.0
20131212,0.0,5,0.0
20131213,0.85,6,1.0
20131214,0.0,6,0.0
20131215,0.0,5,0.0
20131216,0.0,4,0.0
20131217,0.0,4,0.0
20131218,0.0,3,0.0
20131219,0.17,4,1.0
20131220,0.07,4,0.5
20131221,1.83,0,0.0
20131222,0.53,0,0.0
20131223,0.0,0,0.0
20131224,0.0,0,0.0
20131225,0.0,0,0.0
20131226,0.0,0,0.0
20131227,0.0,0,0.0
20131228,0.0,0,0.0
20131229,0.0,0,0.0
20131230,0.0,0,0.0
20131231,0.05,0,0.0
20140101,0.0,0,0.0
20140102,0.0,0,0.0
20140103,0.44,1,1.0
20140104,0.04,1,0.0
20140105,0.0,1,0.0
20140106,0.0,0,0.0
20140107,0.02,0,0.0
20140108,0.59,0,0.0
20140109,1.5,2,2.0
20140110,0.62,3,1.0
20140111,1.29,3,0.1
20140112,2.72,14,11.0
20140113,0.6,11,2.0
20140114,0.28,10,0.0
20140115,0.0,9,0.0
20140116,0.0,8,0.0
20140117,0.0,6,0.0
20140118,0.0,5,0.0
20140119,0.0,5,0.0
20140120,0.0,4,0.0
20140121,0.0,3,0.0
20140122,0.01,2,0.0
20140123,0.0,2,0.0
20140124,0.0,0,0.0
20140125,0.0,0,0.0
20140126,0.0,2,0.0
20140127,0.0,2,0.0
20140128,0.02,2,0.0
20140129,1.85,2,0.0
20140130,0.96,3,2.0
20140131,0.88,9,7.0
20140201,0.0,9,0.0
20140202,0.0,9,0.0
20140203,0.71,13,4.0
20140204,0.17,14,1.0
20140205,0.03,14,0.0
20140206,0.0,14,0.0
20140207,0.52,20,6.0
20140208,0.9,25,5.0
20140209,1.29,33,8.0
20140210,0.0,33,0.0
20140211,1.2,31,2.0
20140212,1.73,20,0.0
20140213,0.19,15,0.5
20140214,1.54,14,0.0
20140215,1.15,15,1.0
20140216,1.4,17,2.0
20140217,0.13,17,0.0
20140218,1.31,23,9.0
20140219,1.52,31,10.0
20140220,1.0,37,8.0
20140221,1.29,45,12.0
20140222,0.06,44,0.5
20140223,0.0,43,0.0
20140224,0.19,37,0.0
20140225,0.28,31,0.0
20140226,0.0,29,0.0
20140227,0.02,28,0.0
20140228,0.26,28,0.0
20140301,0.25,31,3.0
20140302,0.95,31,0.0
20140303,0.95,27,0.0
20140304,0.62,25,0.0
20140305,0.21,19,0.0
20140306,1.49,16,0.0
20140307,0.95,16,0.0
20140308,0.0,14,0.0
20140309,1.19,14,0.0
20140310,0.95,14,0.0
20140311,1.23,14,0.0
20140312,0.0,14,0.0
20140313,0.0,12,0.0
20140314,0.21,10,0.0
20140315,0.41,9,0.0
20140316,0.0,7,0.0
20140317,1.17,16,9.0
20140318,0.45,17,1.0
20140319,0.0,12,0.0
20140320,0.31,12,0.0
20140321,0.0,12,0.0
20140322,0.0,11,0.0
20140323,0.0,7,0.0
20140324,0.0,6,0.0
20140325,0.0,5,0.0
20140326,0.45,3,0.0
20140327,0.7,5,3.0
20140328,0.9,7,3.0
20140329,1.31,7,0.0
20140330,0.51,7,0.5
20140331,0.15,6,0.0
20140401,0.15,1,0.5
20140402,0.33,5,4.0
20140403,0.0,4,0.0
20140404,0.18,4,0.0
20140405,0.42,4,0.0
20140406,1.08,4,0.0
20140407,0.0,2,0.0
20140408,0.0,0,0.0
20140409,0.51,0,0.0
20140410,0.0,0,0.0
20140411,0.0,0,0.0
20140412,0.0,0,0.0
20140413,0.0,0,0.0
20140414,0.0,0,0.0
20140415,0.0,0,0.0
20140416,0.08,0,0.0
20140417,0.06,0,0.0
20140418,0.87,0,0.0
20140419,0.0,0,0.0
20140420,0.45,0,0.0
20140421,0.0,0,0.0
20140422,0.52,2,2.0
20140423,0.8,5,4.0
20140424,1.29,6,2.0
20140425,0.0,6,0.0
20140426,0.0,6,1.0
20140427,0.0,0,0.0
20140428,0.0,12,10.0
20140429,0.0,0,0.0
20140430,0.0,0,0.0
20140501,0.0,0,0.0
20140502,0.0,0,0.0
20140503,0.0,0,0.0
20140504,0.0,0,0.0
20140505,0.0,0,0.0
20140506,0.15,0,0.0
20140507,0.0,0,0.0
20140508,0.0,0,0.0
20140509,1.54,0,0.0
20140510,0.0,0,0.0
20140511,0.0,0,0.0
20140512,0.0,0,2.0
20140513,0.0,0,0.0
20140514,0.0,0,0.0
20140515,0.0,0,0.0
20140516,0.0,0,0.0
20140517,0.0,0,0.0
20140518,0.0,0,0.0
20140519,0.4,0,0.0
20140520,0.0,0,0.0
20140521,0.0,0,0.0
20140522,0.0,0,0.0
20140523,0.0,0,0.0
20140524,0.0,0,0.0
20140525,0.0,0,0.0
20140526,0.0,0,0.0
20140527,0.0,0,0.0
20140528,0.07,0,0.0
20140529,0.0,0,0.0
20140530,0.0,0,0.0
20140531,0.0,0,0.0
20140601,0.0,0,0.0
20140602,0.0,0,0.0
20140603,0.0,0,0.0
20140604,0.0,0,0.0
20140605,0.0,0,0.0
20140606,0.0,0,0.0
20140607,0.0,0,0.0
20140608,0.0,0,0.0
20140609,0.0,0,0.0
20140610,0.0,0,0.0
20140611,0.0,0,0.0
20140612,0.0,0,0.0
20140613,0.78,0,0.0
20140614,0.14,0,0.0
20140615,0.72,0,0.0
20140616,0.64,0,0.0
20140617,1.12,0,0.0
20140618,0.0,0,0.0
20140619,0.0,0,0.0
20140620,0.0,0,0.0
20140621,0.31,0,0.0
20140622,0.0,0,0.0
20140623,0.0,0,0.0
20140624,0.0,0,0.0
20140625,0.0,0,0.0
20140626,0.23,0,0.0
20140627,0.52,0,0.0
20140628,0.0,0,0.0
20140629,0.9,0,0.0
20140630,0.0,0,0.0
20140701,0.0,0,0.0
20140702,0.01,0,0.0
20140703,0.0,0,0.0
20140704,0.0,0,0.0
20140705,0.0,0,0.0
20140706,0.0,0,0.0
20140707,0.0,0,0.0
20140708,0.0,0,0.0
20140709,0.0,0,0.0
20140710,0.0,0,0.0
20140711,0.0,0,0.0
20140712,0.0,0,0.0
20140713,0.0,0,0.0
20140714,0.01,0,0.0
20140715,0.0,0,0.0
20140716,0.0,0,0.0
20140717,0.0,0,0.0
20140718,0.0,0,0.0
20140719,0.0,0,0.0
20140720,0.0,0,0.0
20140721,0.0,0,0.0
20140722,0.11,0,0.0
20140723,0.29,0,0.0
20140724,0.59,0,0.0
20140725,0.0,0,0.0
20140726,0.0,0,0.0
20140727,0.0,0,0.0
20140728,0.0,0,0.0
20140729,0.0,0,0.0
20140730,0.0,0,0.0
20140731,0.0,0,0.0
20140801,0.0,0,0.0
20140802,0.0,0,0.0
20140803,0.0,0,0.0
20140804,0.0,0,0.0
20140805,0.0,0,0.0
20140806,0.0,0,0.0
20140807,0.0,0,0.0
20140808,0.0,0,0.0
20140809,0.0,0,0.0
20140810,0.0,0,0.0
20140811,0.0,0,0.0
20140812,0.45,0,0.0
20140813,0.0,0,0.0
20140814,0.0,0,0.0
20140815,0.0,0,0.0
20140816,0.0,0,0.0
20140817,0.0,0,0.0
20140818,0.0,0,0.0
20140819,0.0,0,0.0
20140820,0.0,0,0.0
20140821,0.1,0,0.0
20140822,0.0,0,0.0
20140823,0.0,0,0.0
20140824,0.0,0,0.0
20140825,0.0,0,0.0
20140826,0.0,0,0.0
20140827,0.0,0,0.0
20140828,0.0,0,0.0
20140829,0.0,0,0.0
20140830,0.0,0,0.0
20140831,0.68,0,0.0
20140901,0.0,0,0.0
20140902,0.0,0,0.0
20140903,0.0,0,0.0
20140904,0.0,0,0.0
20140905,0.0,0,0.0
20140906,0.0,0,0.0
20140907,0.0,0,0.0
20140908,0.0,0,0.0
20140909,0.03,0,0.0
20140910,0.0,0,0.0
20140911,0.0,0,0.0
20140912,0.0,0,0.0
20140913,0.0,0,0.0
20140914,0.0,0,0.0
20140915,0.0,0,0.0
20140916,0.0,0,0.0
20140917,0.0,0,0.0
20140918,0.0,0,0.0
20140919,0.0,0,0.0
20140920,0.0,0,0.0
20140921,0.0,0,0.0
20140922,0.0,0,0.0
20140923,0.0,0,0.0
20140924,0.29,0,0.0
20140925,0.28,0,0.0
20140926,0.01,0,0.0
20140927,0.0,0,0.0
20140928,0.0,0,0.0
20140929,0.0,0,0.0
20140930,0.64,0,0.0
20141001,0.66,0,0.0
20141002,0.0,0,0.0
20141003,0.0,0,0.0
20141004,0.0,0,0.0
20141005,0.0,0,0.0
20141006,0.0,0,0.0
20141007,0.0,0,0.0
20141008,0.0,0,0.0
20141009,0.0,0,0.0
20141010,0.0,0,0.0
20141011,0.0,0,0.0
20141012,0.0,0,0.0
20141013,0.0,0,0.0
20141014,0.91,0,0.0
20141015,0.56,0,0.0
20141016,0.45,0,0.0
20141017,0.0,0,0.0
20141018,0.0,0,0.0
20141019,0.0,0,0.0
20141020,0.38,0,0.0
20141021,0.38,0,0.0
20141022,0.27,0,0.0
20141023,0.92,0,0.0
20141024,0.0,0,0.0
20141025,0.4,0,0.0
20141026,2.0,2,2.0
20141027,0.3,0,0.0
20141028,0.0,0,0.0
20141029,0.0,0,0.0
20141030,0.7,0,0.0
20141031,0.77,0,0.0
20141101,0.5,0,0.0
20141102,0.56,0,0.0
20141103,0.56,0,0.0
20141104,0.46,0,0.0
20141105,0.5,0,0.0
20141106,0.0,0,0.0
20141107,0.45,0,0.5
20141108,0.0,0,0.0
20141109,0.0,0,0.0
20141110,0.92,0,0.0
20141111,0.0,0,0.0
20141112,0.0,0,0.0
20141113,0.0,0,0.0
20141114,0.95,12,12.0
20141115,0.0,11,0.0
20141116,0.0,10,0.0
20141117,0.0,11,0.0
20141118,0.0,10,0.0
20141119,0.0,9,0.0
20141120,0.35,8,0.0
20141121,0.4,8,0.0
20141122,3.1,11,3.0
20141123,1.0,10,0.0
20141124,0.85,8,0.0
20141125,1.08,6,0.0
20141126,0.6,2,0.0
20141127,0.0,0,0.0
20141128,1.3,0,0.0
20141129,1.48,4,4.0
20141130,0.45,5,1.0
20141201,0.05,5,0.0
20141202,0.0,4,0.0
20141203,0.0,4,0.0
20141204,0.36,4,0.5
20141205,0.51,3,0.0
20141206,0.24,2,0.0
20141207,0.0,1,0.0
20141208,0.0,1,0.0
20141209,0.16,0,0.0
20141210,0.23,0,0.0
20141211,0.29,0,0.0
20141212,0.12,0,0.0
20141213,0.23,0,0.0
20141214,0.21,0,0.0
20141215,0.01,0,0.0
20141216,0.07,1,1.0
20141217,0.0,1,0.0
20141218,0.09,0,0.0
20141219,0.35,1,0.2
20141220,0.48,1,1.0
20141221,3.68,0,0.0
20141222,2.45,0,0.0
20141223,0.05,0,0.0
20141224,0.4,1,1.0
20141225,1.4,8,4.0
20141226,0.4,11,5.0
20141227,0.15,10,0.0
20141228,1.33,16,7.0
20141229,1.12,21,5.0
20141230,0.08,21,0.5
20141231,0.0,20,0.0
20150101,0.0,20,0.0
20150102,0.0,19,0.0
20150103,0.12,20,1.0
20150104,0.17,18,0.5
20150105,2.48,12,0.0
20150106,0.24,10,0.0
20150107,0.0,7,0.0
20150108,0.0,6,0.0
20150109,0.0,5,0.0
20150110,0.0,4,0.0
20150111,0.03,0,0.0
20150112,0.08,4,0.0
20150113,0.0,3,0.0
20150114,0.0,3,0.0
20150115,0.0,3,0.0
20150116,1.1,0,0.0
20150117,0.13,0,0.0
20150118,2.6,0,0.0
20150119,0.63,0,0.5
20150120,0.09,0,0.0
20150121,0.0,0,0.0
20150122,0.0,0,0.0
20150123,0.0,0,0.0
20150124,0.62,0,0.0
20150125,0.0,0,0.0
20150126,0.0,0,0.0
20150127,0.0,0,0.0
20150128,0.16,0,0.0
20150129,0.0,0,0.0
20150130,0.0,0,0.0
20150131,0.0,0,0.0
20150201,0.0,0,0.0
20150202,0.52,0,0.0
20150203,0.26,0,0.0
20150204,0.39,0,0.0
20150205,0.01,0,0.0
20150206,0.11,0,0.0
20150207,0.42,0,0.0
20150208,0.5,0,0.0
20150209,0.04,0,0.0
20150210,1.78,0,0.0
20150211,0.0,0,0.0
20150212,0.0,0,0.0
20150213,0.0,0,0.0
20150214,0.0,0,0.0
20150215,0.0,0,0.0
20150216,0.0,0,0.0
20150217,0.0,0,0.0
20150218,0.0,0,0.0
20150219,0.0,0,0.0
20150220,0.23,0,0.0
20150221,0.02,0,0.0
20150222,0.0,0,0.0
20150223,0.0,0,0.0
20150224,0.0,0,0.0
20150225,0.0,0,0.0
20150226,0.45,0,0.0
20150227,0.62,1,1.0
20150228,0.08,1,0.0
20150301,0.0,0,0.0
20150302,0.0,0,0.0
20150303,0.0,0,0.0
20150304,0.0,0,0.0
20150305,0.0,0,0.0
20150306,0.0,0,0.0
20150307,0.0,0,0.0
20150308,0.0,0,0.0
20150309,0.0,0,0.0
20150310,0.0,0,0.0
20150311,0.0,0,0.0
20150312,0.41,0,0.0
20150313,0.0,0,0.0
20150314,0.26,0,0.0
20150315,1.43,0,0.0
20150316,0.46,0,0.0
20150317,0.0,0,0.0
20150318,0.25,0,0.0
20150319,0.0,0,0.0
20150320,0.0,0,0.0
20150321,0.22,0,0.0
20150322,0.07,0,0.0
20150323,0.14,0,0.5
20150324,0.87,2,2.0
20150325,0.51,2,1.0
20150326,0.12,0,0.0
20150327,0.0,0,0.0
20150328,0.5,0,0.0
20150329,0.02,0,0.0
20150330,0.0,0,0.0
20150331,0.24,0,0.5
20150401,0.99,2,2.0
20150402,0.5,3,1.0
20150403,0.0,2,0.0
20150404,0.0,3,0.0
20150405,0.0,3,0.0
20150406,0.63,7,4.0
20150407,0.0,6,0.0
20150408,0.21,4,0.0
20150409,0.33,0,0.0
20150410,0.0,0,0.0
20150411,0.34,1,0.1
20150412,0.4,2,1.0
20150413,0.0,2,0.0
20150414,0.75,5,3.0
20150415,0.41,6,1.0
20150416,0.0,3,0.0
20150417,0.0,2,0.0
20150418,0.0,1,0.0
20150419,0.0,0,0.0
20150420,0.0,0,0.0
20150421,0.0,0,0.0
20150422,0.1,0,0.3
20150423,0.0,0,0.0
20150424,0.2,1,1.0
20150425,0.59,3,3.0
20150426,0.25,1,0.0
20150427,0.0,0,0.0
20150428,0.0,0,0.0
20150429,0.1,0,0.0
20150430,0.0,0,0.0
20150501,0.0,0,0.0
20150502,0.0,0,0.0
20150503,0.0,0,0.0
20150504,0.0,0,0.0
20150505,0.08,0,0.0
20150506,0.35,0,0.3
20150507,0.14,0,0.0
20150508,0.0,0,0.0
20150509,0.0,0,0.0
20150510,0.0,0,0.0
20150511,0.11,0,0.0
20150512,1.85,0,0.2
20150513,0.25,0,0.0
20150514,0.0,0,0.0
20150515,0.09,0,0.0
20150516,0.25,0,0.0
20150517,0.0,0,0.0
20150518,0.0,0,0.0
20150519,0.04,0,0.0
20150520,0.0,0,0.0
20150521,0.0,0,0.0
20150522,0.43,0,0.0
20150523,0.0,0,0.0
20150524,0.0,0,0.0
20150525,0.0,0,0.0
20150526,0.11,0,0.0
20150527,0.0,0,0.0
20150528,0.0,0,0.0
20150529,0.0,0,0.0
20150530,0.0,0,0.0
20150531,0.0,0,0.0
20150601,0.02,0,0.0
20150602,0.34,0,0.0
20150603,0.18,0,0.0
20150604,0.0,0,0.0
20150605,0.0,0,0.0
20150606,0.0,0,0.0
20150607,0.0,0,0.0
20150608,0.0,0,0.0
20150609,0.0,0,0.0
20150610,0.0,0,0.0
20150611,0.0,0,0.0
20150612,0.0,0,0.0
20150613,0.0,0,0.0
20150614,0.0,0,0.0
20150615,0.0,0,0.0
20150616,0.0,0,0.0
20150617,0.0,0,0.0
20150618,0.0,0,0.0
20150619,0.0,0,0.0
20150620,0.0,0,0.0
20150621,0.0,0,0.0
20150622,0.0,0,0.0
20150623,0.0,0,0.0
20150624,0.0,0,0.0
20150625,0.0,0,0.0
20150626,0.0,0,0.0
20150627,0.0,0,0.0
20150628,0.0,0,0.0
20150629,0.01,0,0.0
20150630,0.0,0,0.0
20150701,0.0,0,0.0
20150702,0.0,0,0.0
20150703,0.0,0,0.0
20150704,0.0,0,0.0
20150705,0.0,0,0.0
20150706,0.0,0,0.0
20150707,0.0,0,0.0
20150708,0.0,0,0.0
20150709,0.0,0,0.0
20150710,0.0,0,0.0
20150711,0.0,0,0.0
20150712,0.0,0,0.0
20150713,0.0,0,0.0
20150714,0.0,0,0.0
20150715,0.0,0,0.0
20150716,0.0,0,0.0
20150717,0.0,0,0.0
20150718,0.0,0,0.0
20150719,0.0,0,0.0
20150720,0.0,0,0.0
20150721,0.0,0,0.0
20150722,0.0,0,0.0
20150723,0.0,0,0.0
20150724,0.0,0,0.0
20150725,0.0,0,0.0
20150726,0.0,0,0.0
20150727,0.46,0,0.0
20150728,0.0,0,0.0
20150729,0.0,0,0.0
20150730,0.0,0,0.0
20150731,0.0,0,0.0
20150801,0.0,0,0.0
20150802,0.0,0,0.0
20150803,0.0,0,0.0
20150804,0.0,0,0.0
20150805,0.0,0,0.0
20150806,0.0,0,0.0
20150807,0.0,0,0.0
20150808,0.0,0,0.0
20150809,0.0,0,0.0
20150810,0.0,0,0.0
20150811,0.14,0,0.0
20150812,0.0,0,0.0
20150813,0.0,0,0.0
20150814,0.0,0,0.0
20150815,0.08,0,0.0
20150816,0.0,0,0.0
20150817,0.0,0,0.0
20150818,0.0,0,0.0
20150819,0.0,0,0.0
20150820,0.0,0,0.0
20150821,0.0,0,0.0
20150822,0.0,0,0.0
20150823,0.0,0,0.0
20150824,0.0,0,0.0
20150825,0.0,0,0.0
20150826,0.0,0,0.0
20150827,0.0,0,0.0
20150828,0.0,0,0.0
20150829,0.2,0,0.0
20150830,0.46,0,0.0
20150831,0.24,0,0.0
20150901,0.0,0,0.0
20150902,0.13,0,0.0
20150903,0.38,0,0.0
20150904,0.03,0,0.0
20150905,0.0,0,0.0
20150906,0.0,0,0.0
20150907,0.37,0,0.0
20150908,0.0,0,0.0
20150909,0.0,0,0.0
20150910,0.0,0,0.0
20150911,0.0,0,0.0
20150912,0.0,0,0.0
20150913,0.0,0,0.0
20150914,0.0,0,0.0
20150915,0.05,0,0.0
20150916,0.21,0,0.0
20150917,0.23,0,0.0
20150918,0.62,0,0.0
20150919,0.0,0,0.0
20150920,0.0,0,0.0
20150921,0.04,0,0.0
20150922,0.0,0,0.0
20150923,0.0,0,0.0
20150924,0.0,0,0.0
20150925,0.0,0,0.0
20150926,0.03,0,0.0
20150927,0.0,0,0.0
20150928,0.0,0,0.0
20150929,0.0,0,0.0
20150930,0.0,0,0.0
20151001,0.0,0,0.0
20151002,0.0,0,0.0
20151003,0.0,0,0.0
20151004,0.0,0,0.0
20151005,0.0,0,0.0
20151006,0.0,0,0.0
20151007,0.35,0,0.0
20151008,0.0,0,0.0
20151009,0.0,0,0.0
20151010,1.57,0,0.0
20151011,0.0,0,0.0
20151012,0.0,0,0.0
20151013,0.0,0,0.0
20151014,0.0,0,0.0
20151015,0.0,0,0.0
20151016,0.0,0,0.0
20151017,0.0,0,0.0
20151018,0.22,0,0.0
20151019,0.01,0,0.0
20151020,0.13,0,0.0
20151021,0.02,0,0.0
20151022,0.0,0,0.0
20151023,0.0,0,0.0
20151024,0.0,0,0.0
20151025,0.0,0,0.0
20151026,0.4,0,0.0
20151027,0.06,0,0.0
20151028,0.03,0,0.0
20151029,1.06,0,0.0
20151030,0.41,0,0.0
20151031,0.84,0,0.0
20151101,3.32,0,0.0
20151102,0.27,0,0.0
20151103,0.43,0,0.0
20151104,0.16,0,0.0
20151105,0.02,0,0.0
20151106,0.0,0,0.0
20151107,0.0,0,0.0
20151108,0.0,0,0.0
20151109,0.14,0,0.0
20151110,0.01,0,0.0
20151111,0.2,0,0.0
20151112,0.49,2,2.0
20151113,0.92,1,0.0
20151114,0.0,0,0.0
20151115,0.0,0,0.0
20151116,0.0,4,4.0
20151117,1.55,4,0.0
20151118,2.35,1,1.0
20151119,0.95,2,2.0
20151120,0.55,2,0.0
20151121,0.0,1,0.0
20151122,0.0,1,0.0
20151123,0.0,1,0.0
20151124,0.25,2,1.0
20151125,0.25,1,0.0
20151126,0.0,1,0.0
20151127,0.0,1,0.0
20151128,0.0,1,0.0
20151129,0.0,1,0.0
20151130,0.0,1,0.0
20151201,0.0,1,0.0
20151202,0.52,0,0.0
20151203,0.12,0,0.0
20151204,0.67,3,3.0
20151205,0.0,3,0.0
20151206,0.38,2,0.0
20151207,1.98,1,0.0
20151208,2.13,0,0.0
20151209,1.48,0,0.0
20151210,1.13,2,2.0
20151211,0.65,2,0.0
20151212,0.0,2,0.0
20151213,0.0,2,0.0
20151214,0.0,24,22.0
20151215,0.0,24,0.0
20151216,0.56,26,3.0
20151217,1.45,32,6.0
20151218,1.85,30,0.0
20151219,0.09,30,0.0
20151220,0.12,31,1.0
20151221,0.86,36,6.0
20151222,1.3,40,6.0
20151223,0.96,45,6.0
20151224,1.25,50,11.0
20151225,0.14,51,1.0
20151226,0.1,52,2.0
20151227,0.25,54,2.0
20151228,0.19,54,1.0
20151229,0.22,54,1.0
20151230,0.1,54,1.0
20151231,0.0,54,0.0
20160101,0.0,53,0.0
20160102,0.0,52,0.0
20160103,0.0,51,0.0
20160104,0.35,54,3.0
20160105,0.01,54,0.0
20160106,0.22,53,0.0
20160107,0.0,53,0.0
20160108,0.0,53,0.0
20160109,0.0,52,0.0
20160110,0.0,52,0.0
20160111,0.12,52,0.0
20160112,0.21,52,0.0
20160113,0.84,50,0.0
20160114,0.53,54,4.0
20160115,0.06,56,2.0
20160116,0.35,56,0.0
20160117,0.44,56,0.0
20160118,0.72,57,1.0
20160119,0.11,57,0.0
20160120,1.05,60,5.0
20160121,0.34,59,1.0
20160122,0.03,37,0.0
20160123,0.0,37,0.0
20160124,1.05,39,3.2
20160125,0.0,37,0.0
20160126,0.03,36,0.0
20160127,0.12,32,0.0
20160128,0.19,28,0.0
20160129,1.18,27,0.0
20160130,1.08,33,3.0
20160131,0.38,38,2.6
20160201,0.04,38,1.0
20160202,0.07,38,0.0
20160203,0.08,38,0.0
20160204,0.92,41,4.0
20160205,0.69,41,0.0
20160206,0.3,41,0.0
20160207,0.0,40,0.0
20160208,0.0,38,0.0
20160209,0.0,32,0.0
20160210,0.0,29,0.0
20160211,0.0,28,0.0
20160212,0.34,27,0.0
20160213,0.5,27,0.0
20160214,1.61,26,1.0
20160215,0.0,22,0.0
20160216,0.0,18,0.0
20160217,0.0,17,0.0
20160218,0.5,17,1.0
20160219,0.86,22,4.0
20160220,0.54,26,3.0
20160221,0.0,26,0.0
20160222,0.33,26,1.0
20160223,0.0,26,0.0
20160224,0.0,25,0.0
20160225,0.0,23,0.0
20160226,0.0,21,0.0
20160227,0.79,20,0.0
20160228,0.0,20,0.0
20160229,0.77,20,1.0
20160301,0.59,18,0.0
20160302,0.0,18,0.0
20160303,0.33,17,0.0
20160304,0.0,17,0.0
20160305,0.13,12,0.0
20160306,0.67,12,1.5
20160307,0.32,12,1.0
20160308,0.12,12,0.0
20160309,0.3,12,0.0
20160310,0.82,12,0.0
20160311,0.0,12,0.0
20160312,0.32,12,0.0
20160313,0.21,12,1.0
20160314,0.57,18,8.0
20160315,1.4,26,12.0
20160316,0.88,29,5.0
20160317,0.0,28,0.0
20160318,0.0,27,0.0
20160319,0.0,26,0.0
20160320,0.0,24,0.0
20160321,0.41,20,0.0
20160322,0.35,22,2.0
20160323,0.55,23,1.0
20160324,0.54,12,0.0
20160325,0.34,13,1.0
20160326,0.0,12,0.0
20160327,0.63,15,3.0
20160328,1.0,22,8.0
20160329,0.05,22,0.0
20160330,0.0,19,0.0
20160331,0.0,18,0.0
